{
    "manifestVersion": 1,
    "id": "TestRunSelectors",
    "publisher": "TestRunSelectors",
    "version": "1.0.10",
    "name": "TestRunSelectors",
    "description": "Azure DevOps Extension",
    "categories": [
        "Azure Repos",
        "Azure Boards",
        "Azure Pipelines",
        "Azure Test Plans",
        "Azure Artifacts"
    ],
    "targets": [
        {
            "id": "Microsoft.VisualStudio.Services"
        }
    ],
    "scopes": [
          "vso.code_write",
          "vso.release",
          "vso.tokens",
          "vso.build_execute",
          "vso.work_write"
          ],
    "icons": {
        "default": "logo.png"
    },
    "content": {
        "details": {
            "path": "overview.md"
        }
    },
    "files": [
        {
            "path": "static",
            "addressable": true
        },
        {
            "path": "dist",
            "addressable": true
        }
    ]
}